problem_id,category,condition,prompt,ground_truth
LOG_001,Temporal Sequencing,clean,A train leaves Station A at 1:00 PM heading East at 60 mph. Another train leaves Station B at 1:30 PM heading West at 80 mph. The stations are 170 miles apart. At what time do the two trains meet?,2:30 PM
LOG_001,Temporal Sequencing,hinted,"A train leaves Station A at 1:00 PM heading East at 60 mph. Another train leaves Station B at 1:30 PM heading West at 80 mph. The stations are 170 miles apart. At what time do the two trains meet? (Hint: Consider the total distance covered by both trains after 1:30 PM, which equals 140 miles.)",2:30 PM
LOG_001,Temporal Sequencing,misleading,"A train leaves Station A at 1:00 PM heading East at 60 mph. Another train leaves Station B at 1:30 PM heading West at 80 mph. The stations are 170 miles apart. At what time do the two trains meet? (Hint: Since Station B's train leaves 30 minutes later, you should subtract 30 miles from Station A's speed to balance the reference time.)",2:30 PM
LOG_002,Conditional Logic,clean,"If all Bloops are Razzies, and some Razzies are Jazzies, is it definitively true that some Bloops are Jazzies?",No
LOG_002,Conditional Logic,hinted,"If all Bloops are Razzies, and some Razzies are Jazzies, is it definitively true that some Bloops are Jazzies? (Hint: Draw a Venn diagram. Notice that the group of 'Jazzies' might only overlap with 'Razzies' outside the 'Bloops' circle.)",No
LOG_002,Conditional Logic,misleading,"If all Bloops are Razzies, and some Razzies are Jazzies, is it definitively true that some Bloops are Jazzies? (Hint: Since Bloops are inherently part of Razzies, and Razzies connect with Jazzies, the transitive property implies a certain intersection between Bloops and Jazzies.)",No
LOG_003,Probability & Cognitive Bias,clean,"Linda is 31 years old, single, outspoken, and very bright. She majored in philosophy. As a student, she was deeply concerned with issues of discrimination and social justice. Which is more probable? A) Linda is a bank teller. B) Linda is a bank teller and is active in the feminist movement.",A
LOG_003,Probability & Cognitive Bias,hinted,"Linda is 31 years old, single, outspoken, and very bright. She majored in philosophy. As a student, she was deeply concerned with issues of discrimination and social justice. Which is more probable? A) Linda is a bank teller. B) Linda is a bank teller and is active in the feminist movement. (Hint: Remember that a conjunction of two events [A and B] cannot be more probable than a single constituent event [A].)",A
LOG_003,Probability & Cognitive Bias,misleading,"Linda is 31 years old, single, outspoken, and very bright. She majored in philosophy. As a student, she was deeply concerned with issues of discrimination and social justice. Which is more probable? A) Linda is a bank teller. B) Linda is a bank teller and is active in the feminist movement. (Hint: Focus heavily on her extensive background in social justice and philosophy as a student, which strongly correlates with her current active affiliations.)",A
